{"access_token": "ya29.A0ARrdaM9sbskLU-BJCkupCYjIulHK4Cgy0R4eBSfBlCyZ5hYmLV1S26A9C2qLgvvRrdvmnRXYSSse1WX_j86sRLppoyeSNV2wXbaHwBViC51Ldhj0K4N2hHR3xMm2nEWNAfGErtTTR36efuN1ZWqLP2R6qKos-g", "client_id": "136463885002-7li7omhh4il7i7jsihlh2njnhu9jheji.apps.googleusercontent.com", "client_secret": "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", "refresh_token": "1//03aAYMXoKgk1aCgYIARAAGAMSNwF-L9IrJa6bOHm5wFpGYNiilUG1PW9vmo-HPoHHuGw3O99Nz2vv-zZ9kX3BYPMbJKeVUIhepG8", "token_expiry": "2022-04-19T11:41:22Z", "token_uri": "https://accounts.google.com/o/oauth2/token", "user_agent": null, "revoke_uri": "https://oauth2.googleapis.com/revoke", "id_token": null, "id_token_jwt": null, "token_response": {"access_token": "ya29.A0ARrdaM9sbskLU-BJCkupCYjIulHK4Cgy0R4eBSfBlCyZ5hYmLV1S26A9C2qLgvvRrdvmnRXYSSse1WX_j86sRLppoyeSNV2wXbaHwBViC51Ldhj0K4N2hHR3xMm2nEWNAfGErtTTR36efuN1ZWqLP2R6qKos-g", "expires_in": 3599, "scope": "https://www.googleapis.com/auth/drive", "token_type": "Bearer"}, "scopes": ["https://www.googleapis.com/auth/drive"], "token_info_uri": "https://oauth2.googleapis.com/tokeninfo", "invalid": false, "_class": "OAuth2Credentials", "_module": "oauth2client.client"}